"Attrition","AvgDist","StdDec"
"No",8.91565287915653,8.0126334854975
"Yes",10.6329113924051,8.45252526982503
